"username", "password", "email", "Street Address", "Address2", "city", "state", "ZIP", "Country"
Kermit, MuppetShow1, kermit@fakedomain.com, "123 Sesame Street","", "Minneapolis", "MN", 55401, "USA"
MissPiggy, cestMOI!!1!, piggy@fakedomain.com, "456 Muppet Way", "", "St. Paul", "MN", 55102, "USA"
Fozzie, wakawakalol23, fozzie@fakedomain.com, "789 Frog Avenue", "", "Minneapolis", "MN", 55401, "USA"
Gonzo, limaBean&Walnut, gonzo@fakedomain.com, "321 Gonzo Lane", "", "St. Paul", "MN", 55102, "USA"
DrTeeth, mellowNProfitab1e, drteeth@fakedomain.com, "987 Tooth Street","", "Minneapolis", "MN", 55401, "USA"
Animal, 123456789, animal@fakedomain.com, "654 Drummer Bouleard", "", "St. Paul", "MN", 55192, "USA"